Listing Title,Listing ID,Policy Number,Host Type,Host Name,Room Type,Location Rating
Guest suite in Mission District,755957132088408739,STR-0000315,regular,HostWell,Entire Room,5.0
Loft in Mission District,1944564,2022-004088STR,Superhost,Brian,Entire Room,4.9
Home in Mission District,49043049,Pending,Superhost,Cherry,Entire Room,4.9
Private room in Mission District,16204265,Pending,Superhost,Koncha,Entire Room,4.9
Guest suite in Mission District,50010586,STR-0004717,Superhost,Laurel,Entire Room,4.9
Private room in Mission District,31057117,STR-0004544,Superhost,John,Entire Room,4.9
Private room in Mission District,23672181,STR-0002892,Superhost,Andrea,Entire Room,4.9
Guesthouse in Castro,47705504,STR-0005177,Superhost,Sophia & Tyler,Entire Room,4.9
Guest suite in San Francisco,6092596,STR-0000337,Superhost,Marc,Entire Room,4.9
Guest suite in Mission District,4614763,STR-0004333,Superhost,Del,Entire Room,4.9
Guest suite in Mission District,467507,STR-0005349,Superhost,Jennifer,Entire Room,4.9
Guest suite in Mission District,1550913,STR-0000051,Superhost,Seth And Alexa,Entire Room,4.8
Private room in Mission District,11225011,STR-0001085,Superhost,Michelle,Entire Room,4.8
Guesthouse in San Francisco,49591060,STR-0000253,Superhost,Ingrid,Entire Room,4.8
Private room in Mission District,28803800,STR-0003345,Superhost,Pete,Entire Room,4.8
Apartment in Mission District,6107359,STR-0003345,Superhost,Pete,Entire Room,4.8
Home in Mission District,11442567,STR-0005421,regular,Bernat,Entire Room,4.7
Apartment in Noe Valley,824047084487341932,2022-008652STR,Superhost,Eileen,Entire Room,0.0
